industry_id,family_code,family_name,vertical_name,description,customer_type,business_model,revenue_model,current_status,screening_stage,decision,decision_reason,evidence_status,notes
"A01","A","Agricultura, recursos y alimentación","Agricultura extensiva y cultivos básicos","Producción a gran escala de cereales, oleaginosas y otros cultivos básicos.","B2B","OPS/ASSET","MIX","ACTIVE","NOT_STARTED","PENDING","","SOURCE_CATALOGUE",""
"A02","A","Agricultura, recursos y alimentación","Horticultura intensiva e invernaderos","Producción controlada de frutas, hortalizas y plantas en instalaciones intensivas.","B2B","OPS/ASSET","MIX","ACTIVE","NOT_STARTED","PENDING","","SOURCE_CATALOGUE",""
"A03","A","Agricultura, recursos y alimentación","Servicios técnicos y operativos para agricultura","Prestación de servicios agronómicos, técnicos y operativos para explotaciones agrícolas.","B2B","SERV/OPS","REC/PROJ","ACTIVE","NOT_STARTED","PENDING","","SOURCE_CATALOGUE",""
"A04","A","Agricultura, recursos y alimentación","Ganadería intensiva y servicios pecuarios","Cría intensiva de animales y prestación de servicios técnicos asociados a la producción pecuaria.","B2B","OPS/ASSET/SERV","MIX","ACTIVE","NOT_STARTED","PENDING","","SOURCE_CATALOGUE",""
"A05","A","Agricultura, recursos y alimentación","Acuicultura y cadena pesquera especializada","Producción acuícola y actividades especializadas de captura, procesamiento y soporte pesquero.","B2B","OPS/ASSET","MIX","ACTIVE","NOT_STARTED","PENDING","","SOURCE_CATALOGUE",""
"A06","A","Agricultura, recursos y alimentación","Silvicultura, madera primaria y biomasa","Gestión forestal y producción primaria de madera, fibra y biomasa.","B2B","OPS/ASSET/MAN","MIX","ACTIVE","NOT_STARTED","PENDING","","SOURCE_CATALOGUE",""
"A07","A","Agricultura, recursos y alimentación","Minería y extracción de minerales","Extracción y preparación primaria de minerales metálicos y no metálicos.","B2B/B2G","OPS/ASSET","MIX","ACTIVE","NOT_STARTED","PENDING","","SOURCE_CATALOGUE",""
"A08","A","Agricultura, recursos y alimentación","Servicios técnicos para minería y extracción","Servicios de ingeniería, perforación, inspección y apoyo operativo para actividades extractivas.","B2B","SERV/OPS","REC/PROJ","ACTIVE","NOT_STARTED","PENDING","","SOURCE_CATALOGUE",""
"A09","A","Agricultura, recursos y alimentación","Petróleo, gas y refino","Exploración, producción, transporte primario y refino de hidrocarburos.","B2B/B2G","OPS/ASSET/MAN","MIX","ACTIVE","NOT_STARTED","PENDING","","SOURCE_CATALOGUE",""
"A10","A","Agricultura, recursos y alimentación","Servicios técnicos para petróleo y gas","Servicios técnicos, de ingeniería y mantenimiento para instalaciones de petróleo y gas.","B2B","SERV/OPS","REC/PROJ","ACTIVE","NOT_STARTED","PENDING","","SOURCE_CATALOGUE",""
"A11","A","Agricultura, recursos y alimentación","Procesamiento alimentario especializado","Transformación de materias primas alimentarias en productos e ingredientes especializados.","B2B/B2C","MAN","MIX","ACTIVE","NOT_STARTED","PENDING","","SOURCE_CATALOGUE",""
"A12","A","Agricultura, recursos y alimentación","Ingredientes, aditivos y nutrición especializada","Fabricación y suministro de ingredientes, aditivos y soluciones de nutrición especializada.","B2B","MAN/DIST","REC/TX","ACTIVE","NOT_STARTED","PENDING","","SOURCE_CATALOGUE",""
"A13","A","Agricultura, recursos y alimentación","Bebidas y fabricación líquida especializada","Fabricación y envasado de bebidas y otras formulaciones líquidas especializadas.","B2B/B2C","MAN","MIX","ACTIVE","NOT_STARTED","PENDING","","SOURCE_CATALOGUE",""
"A14","A","Agricultura, recursos y alimentación","Laboratorios, seguridad y trazabilidad alimentaria","Ensayo, control de seguridad y trazabilidad para alimentos, ingredientes y cadenas de suministro.","B2B/B2G","SERV/SW","REC/PROJ","ACTIVE","NOT_STARTED","PENDING","","SOURCE_CATALOGUE",""
"B01","B","Fabricación y materiales","Mecanizado de precisión y fabricación bajo plano","Fabricación de piezas y conjuntos de precisión conforme a especificaciones técnicas del cliente.","B2B","MAN","PROJ/REC","ACTIVE","NOT_STARTED","PENDING","","SOURCE_CATALOGUE",""
"B02","B","Fabricación y materiales","Fabricación metálica y estructuras especializadas","Producción de componentes, estructuras y conjuntos metálicos especializados.","B2B","MAN","PROJ/REC","ACTIVE","NOT_STARTED","PENDING","","SOURCE_CATALOGUE",""
"B03","B","Fabricación y materiales","Tratamientos industriales y metrología","Aplicación de tratamientos de superficie y servicios de medición y control dimensional.","B2B","OPS/SERV","REC/PROJ","ACTIVE","NOT_STARTED","PENDING","","SOURCE_CATALOGUE",""
"B04","B","Fabricación y materiales","Plásticos técnicos y materiales compuestos","Fabricación de componentes y materiales de ingeniería basados en polímeros y compuestos.","B2B","MAN","REC/PROJ","ACTIVE","NOT_STARTED","PENDING","","SOURCE_CATALOGUE",""
"B05","B","Fabricación y materiales","Vidrio, cerámica y materiales técnicos","Producción de vidrio, cerámica y otros materiales técnicos para aplicaciones industriales.","B2B","MAN","REC/PROJ","ACTIVE","NOT_STARTED","PENDING","","SOURCE_CATALOGUE",""
"B06","B","Fabricación y materiales","Materiales y productos para construcción","Fabricación y suministro de materiales y productos utilizados en obras y edificios.","B2B/B2C/B2G","MAN/DIST","MIX","ACTIVE","NOT_STARTED","PENDING","","SOURCE_CATALOGUE",""
"B07","B","Fabricación y materiales","Packaging industrial y especializado","Diseño y fabricación de envases, embalajes y soluciones de protección para usos profesionales.","B2B","MAN","REC/PROJ","ACTIVE","NOT_STARTED","PENDING","","SOURCE_CATALOGUE",""
"B08","B","Fabricación y materiales","Componentes eléctricos y electrónica industrial","Fabricación de componentes eléctricos y electrónicos destinados a equipos y sistemas industriales.","B2B","MAN","REC/PROJ","ACTIVE","NOT_STARTED","PENDING","","SOURCE_CATALOGUE",""
"B09","B","Fabricación y materiales","Fabricación electrónica por contrato","Producción y ensamblaje de dispositivos electrónicos por encargo de fabricantes y marcas.","B2B","MAN","REC/PROJ","ACTIVE","NOT_STARTED","PENDING","","SOURCE_CATALOGUE",""
"B10","B","Fabricación y materiales","Maquinaria industrial especializada","Diseño y fabricación de maquinaria para procesos y aplicaciones industriales específicas.","B2B","MAN/SERV","PROJ/REC","ACTIVE","NOT_STARTED","PENDING","","SOURCE_CATALOGUE",""
"B11","B","Fabricación y materiales","Automatización, robótica e integración de control","Diseño e integración de sistemas de automatización, robótica y control industrial.","B2B","SERV/SW/MAN","PROJ/REC","ACTIVE","NOT_STARTED","PENDING","","SOURCE_CATALOGUE",""
"B12","B","Fabricación y materiales","Retrofit y mantenimiento de maquinaria","Modernización, reparación y mantenimiento recurrente de maquinaria industrial instalada.","B2B","OPS/SERV","REC/PROJ","ACTIVE","NOT_STARTED","PENDING","","SOURCE_CATALOGUE",""
"B13","B","Fabricación y materiales","Componentes de automoción y movilidad industrial","Fabricación de piezas y sistemas para automoción y vehículos de uso industrial.","B2B","MAN","REC/PROJ","ACTIVE","NOT_STARTED","PENDING","","SOURCE_CATALOGUE",""
"B14","B","Fabricación y materiales","Fabricación de automóviles y vehículos completos","Diseño, ensamblaje y comercialización de automóviles y otros vehículos completos.","B2B/B2C/B2G","MAN/DIST","MIX","ACTIVE","NOT_STARTED","PENDING","","SOURCE_CATALOGUE",""
"B15","B","Fabricación y materiales","Componentes y MRO aeroespacial","Fabricación de componentes y prestación de mantenimiento, reparación y overhaul para aeronaves.","B2B/B2G","MAN/OPS/SERV","REC/PROJ","ACTIVE","NOT_STARTED","PENDING","","SOURCE_CATALOGUE",""
"B16","B","Fabricación y materiales","Componentes y mantenimiento ferroviario","Fabricación de componentes y mantenimiento de material rodante e infraestructura ferroviaria.","B2B/B2G","MAN/OPS/SERV","REC/PROJ","ACTIVE","NOT_STARTED","PENDING","","SOURCE_CATALOGUE",""
"B17","B","Fabricación y materiales","Construcción, reparación y equipamiento marítimo","Construcción, reparación y suministro de equipos para buques y otras instalaciones marítimas.","B2B/B2G","MAN/SERV","PROJ/REC","ACTIVE","NOT_STARTED","PENDING","","SOURCE_CATALOGUE",""
"B18","B","Fabricación y materiales","Fabricación de semiconductores","Diseño de procesos y fabricación de obleas, chips y componentes semiconductores.","B2B","MAN/INTELLECTUAL_ASSET","REC/PROJ","ACTIVE","NOT_STARTED","PENDING","","SOURCE_CATALOGUE",""
"C01","C","Farmacéutica, biotecnología y medical devices","Descubrimiento y desarrollo de medicamentos innovadores","Investigación, desarrollo y licenciamiento de nuevas terapias y medicamentos.","B2B/B2G","INTELLECTUAL_ASSET/SERV","MIX","ACTIVE","NOT_STARTED","PENDING","","SOURCE_CATALOGUE",""
"C02","C","Farmacéutica, biotecnología y medical devices","Fabricación farmacéutica por contrato","Desarrollo y fabricación de productos farmacéuticos por encargo de terceros.","B2B","MAN/SERV","REC/PROJ","ACTIVE","NOT_STARTED","PENDING","","SOURCE_CATALOGUE",""
"C03","C","Farmacéutica, biotecnología y medical devices","APIs, reactivos e ingredientes regulados","Fabricación y distribución de principios activos, reactivos e ingredientes sujetos a regulación.","B2B","MAN/DIST","REC/PROJ","ACTIVE","NOT_STARTED","PENDING","","SOURCE_CATALOGUE",""
"C04","C","Farmacéutica, biotecnología y medical devices","CRO y servicios de ensayos clínicos","Diseño y ejecución externalizada de estudios preclínicos y ensayos clínicos.","B2B","SERV/OPS","PROJ/REC","ACTIVE","NOT_STARTED","PENDING","","SOURCE_CATALOGUE",""
"C05","C","Farmacéutica, biotecnología y medical devices","Laboratorios bioanalíticos y diagnóstico molecular","Análisis de muestras biológicas y prestación de pruebas de diagnóstico molecular.","B2B/B2C/B2G","SERV/OPS","TX/REC","ACTIVE","NOT_STARTED","PENDING","","SOURCE_CATALOGUE",""
"C06","C","Farmacéutica, biotecnología y medical devices","Fabricación de medical devices","Diseño y fabricación de dispositivos y equipos médicos regulados.","B2B/B2G","MAN","REC/PROJ","ACTIVE","NOT_STARTED","PENDING","","SOURCE_CATALOGUE",""
"C07","C","Farmacéutica, biotecnología y medical devices","Distribución y mantenimiento de equipos médicos","Suministro, instalación y mantenimiento de equipos utilizados por proveedores sanitarios.","B2B/B2G","DIST/OPS/SERV","MIX","ACTIVE","NOT_STARTED","PENDING","","SOURCE_CATALOGUE",""
"C08","C","Farmacéutica, biotecnología y medical devices","Regulatory affairs, calidad y validación life sciences","Servicios de regulación, calidad y validación para organizaciones de ciencias de la vida.","B2B","SERV","REC/PROJ","ACTIVE","NOT_STARTED","PENDING","","SOURCE_CATALOGUE",""
"C09","C","Farmacéutica, biotecnología y medical devices","Farmacias comunitarias y especializadas","Dispensación minorista y especializada de medicamentos y productos sanitarios.","B2C/B2B/B2G","DIST/OPS","TX/REC","ACTIVE","NOT_STARTED","PENDING","","SOURCE_CATALOGUE",""
"D01","D","Construcción y specialty trades","Promoción y construcción residencial","Desarrollo, construcción y venta o explotación inicial de proyectos residenciales.","B2C/B2B/B2G","ASSET/OPS","PROJ/MIX","ACTIVE","NOT_STARTED","PENDING","","SOURCE_CATALOGUE",""
"D02","D","Construcción y specialty trades","Construcción comercial e industrial","Ejecución de edificios e instalaciones para usos comerciales e industriales.","B2B/B2G","OPS","PROJ","ACTIVE","NOT_STARTED","PENDING","","SOURCE_CATALOGUE",""
"D03","D","Construcción y specialty trades","Ingeniería civil e infraestructuras","Diseño y ejecución de obras civiles e infraestructuras públicas y privadas.","B2B/B2G","SERV/OPS","PROJ","ACTIVE","NOT_STARTED","PENDING","","SOURCE_CATALOGUE",""
"D04","D","Construcción y specialty trades","Rehabilitación integral y renovación energética","Reforma integral de edificios y mejora de su desempeño energético.","B2B/B2C/B2G","OPS/SERV","PROJ","ACTIVE","NOT_STARTED","PENDING","","SOURCE_CATALOGUE",""
"D05","D","Construcción y specialty trades","Instalaciones eléctricas comerciales e industriales","Instalación y mantenimiento de sistemas eléctricos en edificios y plantas profesionales.","B2B/B2G","OPS/SERV","PROJ/REC","ACTIVE","NOT_STARTED","PENDING","","SOURCE_CATALOGUE",""
"D06","D","Construcción y specialty trades","HVAC comercial y refrigeración industrial","Instalación y servicio de climatización y refrigeración para entornos comerciales e industriales.","B2B/B2G","OPS/SERV","PROJ/REC","ACTIVE","NOT_STARTED","PENDING","","SOURCE_CATALOGUE",""
"D07","D","Construcción y specialty trades","Fontanería, bombeo y tratamiento de agua en edificios","Instalación y mantenimiento de redes hidráulicas, bombeo y tratamiento de agua en inmuebles.","B2B/B2G","OPS/SERV","PROJ/REC","ACTIVE","NOT_STARTED","PENDING","","SOURCE_CATALOGUE",""
"D08","D","Construcción y specialty trades","Protección contra incendios y sistemas life-safety","Diseño, instalación e inspección de sistemas de protección contra incendios y seguridad vital.","B2B/B2G","OPS/SERV","PROJ/REC","ACTIVE","NOT_STARTED","PENDING","","SOURCE_CATALOGUE",""
"D09","D","Construcción y specialty trades","Ascensores, puertas automáticas y accesos","Instalación y mantenimiento de ascensores, puertas automáticas y sistemas de acceso.","B2B/B2C/B2G","OPS/SERV","PROJ/REC","ACTIVE","NOT_STARTED","PENDING","","SOURCE_CATALOGUE",""
"D10","D","Construcción y specialty trades","Cubiertas, fachadas, aislamiento y envolvente","Instalación y rehabilitación de cubiertas, fachadas y sistemas de aislamiento de edificios.","B2B/B2C/B2G","OPS","PROJ/REC","ACTIVE","NOT_STARTED","PENDING","","SOURCE_CATALOGUE",""
"D11","D","Construcción y specialty trades","Restauración de daños y remediación de edificios","Restauración de inmuebles afectados por agua, fuego, contaminación u otros daños.","B2B/B2C/B2G","OPS/SERV","PROJ","ACTIVE","NOT_STARTED","PENDING","","SOURCE_CATALOGUE",""
"D12","D","Construcción y specialty trades","Ingeniería MEP y dirección técnica de proyectos","Diseño de instalaciones mecánicas, eléctricas y de fontanería y dirección técnica de obras.","B2B/B2G","SERV","PROJ/REC","ACTIVE","NOT_STARTED","PENDING","","SOURCE_CATALOGUE",""
"E01","E","Field services y facility services","Mantenimiento técnico multisitio de edificios","Mantenimiento coordinado de instalaciones técnicas para carteras de edificios distribuidos.","B2B/B2G","OPS","REC/PROJ","ACTIVE","NOT_STARTED","PENDING","","SOURCE_CATALOGUE",""
"E02","E","Field services y facility services","Mantenimiento industrial especializado","Mantenimiento recurrente y reparación técnica de equipos e instalaciones industriales.","B2B","OPS/SERV","REC/PROJ","ACTIVE","NOT_STARTED","PENDING","","SOURCE_CATALOGUE",""
"E03","E","Field services y facility services","Calibración e inspección recurrente de equipos","Calibración, verificación e inspección periódica de equipos de medición y producción.","B2B/B2G","SERV/OPS","REC/PROJ","ACTIVE","NOT_STARTED","PENDING","","SOURCE_CATALOGUE",""
"E04","E","Field services y facility services","Limpieza técnica, industrial y sanitaria","Limpieza especializada de plantas, equipos y entornos sujetos a requisitos técnicos o sanitarios.","B2B/B2G","OPS","REC/PROJ","ACTIVE","NOT_STARTED","PENDING","","SOURCE_CATALOGUE",""
"E05","E","Field services y facility services","Facility management integrado","Gestión coordinada de servicios técnicos, operativos y auxiliares de inmuebles.","B2B/B2G","OPS","REC","ACTIVE","NOT_STARTED","PENDING","","SOURCE_CATALOGUE",""
"E06","E","Field services y facility services","Gestión energética y smart buildings","Operación de sistemas digitales y técnicos para controlar el consumo y funcionamiento de edificios.","B2B/B2G","OPS/SW/SERV","REC/PROJ","ACTIVE","NOT_STARTED","PENDING","","SOURCE_CATALOGUE",""
"E07","E","Field services y facility services","Mantenimiento exterior y estacional","Conservación recurrente de exteriores, jardines y superficies según ciclos estacionales.","B2B/B2C/B2G","OPS","REC/PROJ","ACTIVE","NOT_STARTED","PENDING","","SOURCE_CATALOGUE",""
"F01","F","Energía, agua, residuos y medioambiente","Generación integrada y utilities","Generación y suministro regulado o contractual de electricidad, gas, agua y otros servicios básicos.","B2B/B2C/B2G","ASSET/OPS","REC/TX","ACTIVE","NOT_STARTED","PENDING","","SOURCE_CATALOGUE",""
"F02","F","Energía, agua, residuos y medioambiente","Desarrollo de proyectos renovables","Originación, desarrollo y estructuración de activos de generación de energía renovable.","B2B/B2G","ASSET/SERV","PROJ/MIX","ACTIVE","NOT_STARTED","PENDING","","SOURCE_CATALOGUE",""
"F03","F","Energía, agua, residuos y medioambiente","Instalación y O&M solar comercial","Instalación, operación y mantenimiento de sistemas solares para clientes comerciales.","B2B/B2G","OPS/SERV","PROJ/REC","ACTIVE","NOT_STARTED","PENDING","","SOURCE_CATALOGUE",""
"F04","F","Energía, agua, residuos y medioambiente","Bombas de calor y electrificación de edificios","Instalación y servicio de bombas de calor y soluciones eléctricas para sustituir sistemas térmicos.","B2B/B2C/B2G","OPS/SERV","PROJ/REC","ACTIVE","NOT_STARTED","PENDING","","SOURCE_CATALOGUE",""
"F05","F","Energía, agua, residuos y medioambiente","Infraestructura de recarga y electrificación de flotas","Despliegue y operación de recarga eléctrica y sistemas de electrificación para flotas.","B2B/B2G","ASSET/OPS/SW","PROJ/REC","ACTIVE","NOT_STARTED","PENDING","","SOURCE_CATALOGUE",""
"F06","F","Energía, agua, residuos y medioambiente","Gestión energética industrial y Energy-as-a-Service","Gestión contractual del consumo, suministro y eficiencia energética de instalaciones industriales.","B2B","OPS/SERV/ASSET","REC/PROJ","ACTIVE","NOT_STARTED","PENDING","","SOURCE_CATALOGUE",""
"F07","F","Energía, agua, residuos y medioambiente","Tratamiento de agua industrial","Diseño y operación de sistemas para acondicionar, reutilizar o depurar agua de procesos industriales.","B2B/B2G","OPS/SERV","PROJ/REC","ACTIVE","NOT_STARTED","PENDING","","SOURCE_CATALOGUE",""
"F08","F","Energía, agua, residuos y medioambiente","Análisis, calidad y seguridad del agua","Muestreo, ensayo y control de calidad y seguridad de aguas de consumo y proceso.","B2B/B2G","SERV/OPS","REC/PROJ","ACTIVE","NOT_STARTED","PENDING","","SOURCE_CATALOGUE",""
"F09","F","Energía, agua, residuos y medioambiente","Recogida y gestión de residuos comerciales e industriales","Recogida, clasificación y gestión contractual de residuos de clientes comerciales e industriales.","B2B/B2G","OPS/ASSET","REC/TX","ACTIVE","NOT_STARTED","PENDING","","SOURCE_CATALOGUE",""
"F10","F","Energía, agua, residuos y medioambiente","Residuos sanitarios, peligrosos y regulados","Recogida, transporte y tratamiento de residuos sujetos a controles sanitarios o ambientales específicos.","B2B/B2G","OPS/ASSET","REC/TX","ACTIVE","NOT_STARTED","PENDING","","SOURCE_CATALOGUE",""
"F11","F","Energía, agua, residuos y medioambiente","Reciclaje especializado y recuperación de materiales","Procesamiento de residuos específicos para recuperar materiales y reintroducirlos en cadenas productivas.","B2B/B2G","OPS/MAN/ASSET","TX/REC","ACTIVE","NOT_STARTED","PENDING","","SOURCE_CATALOGUE",""
"F12","F","Energía, agua, residuos y medioambiente","Remediación y servicios medioambientales","Evaluación y remediación de suelos, aguas y emplazamientos afectados por contaminación.","B2B/B2G","SERV/OPS","PROJ/REC","ACTIVE","NOT_STARTED","PENDING","","SOURCE_CATALOGUE",""
"G01","G","Distribución B2B especializada","Distribución MRO, rodamientos y transmisión","Suministro profesional de repuestos de mantenimiento, rodamientos y componentes de transmisión.","B2B/B2G","DIST/SERV","TX/REC","ACTIVE","NOT_STARTED","PENDING","","SOURCE_CATALOGUE",""
"G02","G","Distribución B2B especializada","Distribución de hidráulica, neumática y fluidos","Distribución de componentes y soluciones para sistemas hidráulicos, neumáticos y de fluidos.","B2B/B2G","DIST/SERV","TX/REC","ACTIVE","NOT_STARTED","PENDING","","SOURCE_CATALOGUE",""
"G03","G","Distribución B2B especializada","Distribución eléctrica, automatización y sensores","Suministro de material eléctrico, componentes de automatización y sensores para aplicaciones profesionales.","B2B/B2G","DIST/SERV","TX/REC","ACTIVE","NOT_STARTED","PENDING","","SOURCE_CATALOGUE",""
"G04","G","Distribución B2B especializada","Distribución HVAC, fontanería y materiales técnicos","Distribución de equipos y materiales para climatización, fontanería e instalaciones técnicas.","B2B/B2G","DIST","TX/REC","ACTIVE","NOT_STARTED","PENDING","","SOURCE_CATALOGUE",""
"G05","G","Distribución B2B especializada","Distribución sanitaria, dental y veterinaria","Suministro de productos, consumibles y equipos para proveedores sanitarios, dentales y veterinarios.","B2B/B2G","DIST","TX/REC","ACTIVE","NOT_STARTED","PENDING","","SOURCE_CATALOGUE",""
"G06","G","Distribución B2B especializada","Distribución científica y de laboratorio","Distribución de instrumentos, reactivos y consumibles para laboratorios y centros científicos.","B2B/B2G","DIST/SERV","TX/REC","ACTIVE","NOT_STARTED","PENDING","","SOURCE_CATALOGUE",""
"G07","G","Distribución B2B especializada","Distribución de químicos e ingredientes especializados","Distribución técnica de productos químicos e ingredientes para procesos industriales y formulación.","B2B","DIST/SERV","TX/REC","ACTIVE","NOT_STARTED","PENDING","","SOURCE_CATALOGUE",""
"G08","G","Distribución B2B especializada","Distribución de packaging y consumibles profesionales","Suministro recurrente de envases, embalajes y consumibles para organizaciones profesionales.","B2B/B2G","DIST","TX/REC","ACTIVE","NOT_STARTED","PENDING","","SOURCE_CATALOGUE",""
"G09","G","Distribución B2B especializada","Distribución alimentaria para horeca","Distribución de alimentos, bebidas y consumibles a hoteles, restaurantes y colectividades.","B2B/B2G","DIST/OPS","TX/REC","ACTIVE","NOT_STARTED","PENDING","","SOURCE_CATALOGUE",""
"G10","G","Distribución B2B especializada","Distribución de repuestos de automoción y maquinaria","Suministro de piezas de recambio y consumibles para vehículos y maquinaria.","B2B/B2C/B2G","DIST","TX/REC","ACTIVE","NOT_STARTED","PENDING","","SOURCE_CATALOGUE",""
"H01","H","Transporte y logística","Transporte general por carretera y grupaje","Transporte terrestre de mercancías generales mediante cargas completas y agrupadas.","B2B/B2G","OPS/ASSET","TX/REC","ACTIVE","NOT_STARTED","PENDING","","SOURCE_CATALOGUE",""
"H02","H","Transporte y logística","Transporte especializado y regulado","Transporte de mercancías que requieren equipos, permisos o controles operativos específicos.","B2B/B2G","OPS/ASSET","TX/REC","ACTIVE","NOT_STARTED","PENDING","","SOURCE_CATALOGUE",""
"H03","H","Transporte y logística","Aerolíneas de pasajeros y carga","Operación de transporte aéreo regular o chárter para pasajeros y mercancías.","B2C/B2B/B2G","OPS/ASSET","TX","ACTIVE","NOT_STARTED","PENDING","","SOURCE_CATALOGUE",""
"H04","H","Transporte y logística","Navieras y transporte marítimo","Operación de buques y servicios de transporte marítimo de pasajeros o mercancías.","B2B/B2C/B2G","OPS/ASSET","TX/REC","ACTIVE","NOT_STARTED","PENDING","","SOURCE_CATALOGUE",""
"H05","H","Transporte y logística","Freight forwarding marítimo y aéreo","Organización y coordinación de envíos internacionales por vía marítima y aérea.","B2B/B2G","SERV/OPS","TX/REC","ACTIVE","NOT_STARTED","PENDING","","SOURCE_CATALOGUE",""
"H06","H","Transporte y logística","Forwarding de proyectos y cargas especiales","Planificación y coordinación logística de cargas sobredimensionadas, complejas o ligadas a proyectos.","B2B/B2G","SERV/OPS","PROJ/TX","ACTIVE","NOT_STARTED","PENDING","","SOURCE_CATALOGUE",""
"H07","H","Transporte y logística","Aduanas y trade compliance","Gestión documental, despacho aduanero y cumplimiento normativo del comercio internacional.","B2B/B2G","SERV","TX/REC","ACTIVE","NOT_STARTED","PENDING","","SOURCE_CATALOGUE",""
"H08","H","Transporte y logística","3PL y logística contractual","Operación externalizada y contractual de transporte, almacenamiento y distribución para terceros.","B2B/B2G","OPS/ASSET","REC/TX","ACTIVE","NOT_STARTED","PENDING","","SOURCE_CATALOGUE",""
"H09","H","Transporte y logística","Almacenamiento frigorífico y regulado","Explotación de almacenes con temperatura controlada o requisitos regulatorios específicos.","B2B/B2G","ASSET/OPS","REC/TX","ACTIVE","NOT_STARTED","PENDING","","SOURCE_CATALOGUE",""
"H10","H","Transporte y logística","Fulfilment, logística inversa y repuestos","Preparación de pedidos, gestión de devoluciones y distribución de repuestos para terceros.","B2B","OPS","REC/TX","ACTIVE","NOT_STARTED","PENDING","","SOURCE_CATALOGUE",""
"H11","H","Transporte y logística","Servicios gestionados de planificación logística","Planificación externalizada de transporte, inventarios y redes logísticas mediante equipos y sistemas dedicados.","B2B/B2G","SERV/OPS/SW","REC/PROJ","ACTIVE","NOT_STARTED","PENDING","","SOURCE_CATALOGUE",""
"I01","I","Salud y cuidados","Hospitales generales","Prestación hospitalaria de diagnóstico, tratamiento, cirugía y cuidados generales.","B2C/B2G/B2B","OPS/ASSET","TX/REC","ACTIVE","NOT_STARTED","PENDING","","SOURCE_CATALOGUE",""
"I02","I","Salud y cuidados","Diagnóstico ambulatorio e imagen médica","Prestación de pruebas diagnósticas e imagen médica fuera del ingreso hospitalario.","B2C/B2B/B2G","OPS/ASSET","TX/REC","ACTIVE","NOT_STARTED","PENDING","","SOURCE_CATALOGUE",""
"I03","I","Salud y cuidados","Clínicas y grupos dentales","Prestación ambulatoria de prevención, diagnóstico y tratamiento odontológico.","B2C/B2B/B2G","OPS","TX/REC","ACTIVE","NOT_STARTED","PENDING","","SOURCE_CATALOGUE",""
"I04","I","Salud y cuidados","Laboratorios dentales","Fabricación personalizada de prótesis, alineadores y otros dispositivos dentales.","B2B","MAN/SERV","TX/REC","ACTIVE","NOT_STARTED","PENDING","","SOURCE_CATALOGUE",""
"I05","I","Salud y cuidados","Clínicas y hospitales veterinarios","Prestación de diagnóstico, tratamiento y cirugía para animales de compañía y producción.","B2C/B2B/B2G","OPS","TX/REC","ACTIVE","NOT_STARTED","PENDING","","SOURCE_CATALOGUE",""
"I06","I","Salud y cuidados","Fisioterapia, rehabilitación y medicina deportiva","Prestación ambulatoria de recuperación funcional, rehabilitación y atención musculoesquelética.","B2C/B2B/B2G","OPS/SERV","TX/REC","ACTIVE","NOT_STARTED","PENDING","","SOURCE_CATALOGUE",""
"I07","I","Salud y cuidados","Especialidades médicas ambulatorias","Prestación de consultas, procedimientos y seguimiento por especialistas médicos sin hospitalización.","B2C/B2B/B2G","OPS","TX/REC","ACTIVE","NOT_STARTED","PENDING","","SOURCE_CATALOGUE",""
"I08","I","Salud y cuidados","Fertilidad, salud de la mujer y atención especializada","Prestación de servicios de reproducción asistida y atención especializada a la salud de la mujer.","B2C/B2B/B2G","OPS","TX/REC","ACTIVE","NOT_STARTED","PENDING","","SOURCE_CATALOGUE",""
"I09","I","Salud y cuidados","Salud mental ambulatoria","Prestación de terapia, psiquiatría y apoyo de salud mental en entornos ambulatorios.","B2C/B2B/B2G","OPS/SERV","TX/REC","ACTIVE","NOT_STARTED","PENDING","","SOURCE_CATALOGUE",""
"I10","I","Salud y cuidados","Atención y cuidados domiciliarios","Prestación recurrente de asistencia sanitaria y apoyo personal en el domicilio.","B2C/B2G/B2B","OPS","REC/TX","ACTIVE","NOT_STARTED","PENDING","","SOURCE_CATALOGUE",""
"I11","I","Salud y cuidados","Residencias y assisted living","Alojamiento y prestación continuada de cuidados y apoyo para personas mayores o dependientes.","B2C/B2G/B2B","ASSET/OPS","REC","ACTIVE","NOT_STARTED","PENDING","","SOURCE_CATALOGUE",""
"I12","I","Salud y cuidados","Administración sanitaria y revenue cycle","Gestión externalizada de facturación, cobros, autorizaciones y procesos administrativos sanitarios.","B2B/B2G","OPS/SERV/SW","REC/TX","ACTIVE","NOT_STARTED","PENDING","","SOURCE_CATALOGUE",""
"J01","J","Servicios profesionales y empresariales","Contabilidad, fiscalidad y nóminas para pymes","Servicios recurrentes de contabilidad, cumplimiento fiscal y procesamiento de nóminas para pequeñas empresas.","B2B","SERV/OPS","REC/PROJ","ACTIVE","NOT_STARTED","PENDING","","SOURCE_CATALOGUE",""
"J02","J","Servicios profesionales y empresariales","Fractional CFO y controller","Dirección financiera y control de gestión externalizados a tiempo parcial para empresas.","B2B","SERV","REC/PROJ","ACTIVE","NOT_STARTED","PENDING","","SOURCE_CATALOGUE",""
"J03","J","Servicios profesionales y empresariales","Recruiting vertical especializado","Búsqueda y selección de profesionales para sectores y funciones específicos.","B2B","SERV","TX/PROJ","ACTIVE","NOT_STARTED","PENDING","","SOURCE_CATALOGUE",""
"J04","J","Servicios profesionales y empresariales","Trabajo temporal y workforce management","Suministro y gestión operativa de personal temporal y plantillas contingentes.","B2B/B2G","OPS/SERV","TX/REC","ACTIVE","NOT_STARTED","PENDING","","SOURCE_CATALOGUE",""
"J05","J","Servicios profesionales y empresariales","Employer of Record y gestión de contratistas","Contratación legal y administración de trabajadores y contratistas por cuenta de otras organizaciones.","B2B","OPS/PLATFORM","REC/TX","ACTIVE","NOT_STARTED","PENDING","","SOURCE_CATALOGUE",""
"J06","J","Servicios profesionales y empresariales","Servicios jurídicos recurrentes para pymes","Asesoramiento jurídico continuado y gestión de asuntos legales habituales para pequeñas empresas.","B2B","SERV","REC/PROJ","ACTIVE","NOT_STARTED","PENDING","","SOURCE_CATALOGUE",""
"J07","J","Servicios profesionales y empresariales","Protección de datos y compliance corporativo","Servicios de implantación, supervisión y mantenimiento de obligaciones de privacidad y cumplimiento corporativo.","B2B/B2G","SERV/SW","REC/PROJ","ACTIVE","NOT_STARTED","PENDING","","SOURCE_CATALOGUE",""
"J08","J","Servicios profesionales y empresariales","Consultoría operativa y tecnológica vertical","Asesoramiento e implantación de mejoras operativas y tecnológicas adaptadas a un sector concreto.","B2B/B2G","SERV","PROJ/REC","ACTIVE","NOT_STARTED","PENDING","","SOURCE_CATALOGUE",""
"J09","J","Servicios profesionales y empresariales","BPO administrativo y documentación regulatoria","Ejecución externalizada de procesos administrativos y preparación de documentación sujeta a regulación.","B2B/B2G","OPS/SERV","REC/PROJ","ACTIVE","NOT_STARTED","PENDING","","SOURCE_CATALOGUE",""
"J10","J","Servicios profesionales y empresariales","Procurement externalizado y administración de proveedores","Gestión externalizada de compras, contratos y procesos administrativos de proveedores.","B2B/B2G","OPS/SERV/SW","REC/PROJ","ACTIVE","NOT_STARTED","PENDING","","SOURCE_CATALOGUE",""
"J11","J","Servicios profesionales y empresariales","Marketing, ventas y RevOps verticalizados","Ejecución y optimización de procesos de marketing, ventas e ingresos para sectores específicos.","B2B","SERV/OPS/SW","REC/PROJ","ACTIVE","NOT_STARTED","PENDING","","SOURCE_CATALOGUE",""
"K01","K","Inspección, ensayo y certificación","Inspección de edificios e instalaciones","Evaluación técnica periódica o puntual del estado y cumplimiento de edificios e instalaciones.","B2B/B2C/B2G","SERV/OPS","TX/REC","ACTIVE","NOT_STARTED","PENDING","","SOURCE_CATALOGUE",""
"K02","K","Inspección, ensayo y certificación","Ensayos no destructivos y calidad industrial","Ensayo de materiales y componentes sin dañarlos y verificación de calidad de procesos industriales.","B2B/B2G","SERV/OPS","REC/PROJ","ACTIVE","NOT_STARTED","PENDING","","SOURCE_CATALOGUE",""
"K03","K","Inspección, ensayo y certificación","Certificación de sistemas, alimentos y proveedores","Auditoría y certificación de sistemas de gestión, productos alimentarios y cadenas de proveedores.","B2B/B2G","SERV","REC/PROJ","ACTIVE","NOT_STARTED","PENDING","","SOURCE_CATALOGUE",""
"K04","K","Inspección, ensayo y certificación","Ensayo de producto y homologación","Pruebas técnicas y documentación para demostrar que productos cumplen normas y requisitos de mercado.","B2B/B2G","SERV/OPS","PROJ/REC","ACTIVE","NOT_STARTED","PENDING","","SOURCE_CATALOGUE",""
"K05","K","Inspección, ensayo y certificación","Cumplimiento ambiental y verificación de emisiones","Medición, auditoría y verificación del cumplimiento ambiental y de emisiones de organizaciones y activos.","B2B/B2G","SERV/OPS","REC/PROJ","ACTIVE","NOT_STARTED","PENDING","","SOURCE_CATALOGUE",""
"K06","K","Inspección, ensayo y certificación","Seguridad laboral y compliance operativo","Evaluación, formación y soporte continuo para seguridad laboral y cumplimiento de operaciones.","B2B/B2G","SERV/OPS","REC/PROJ","ACTIVE","NOT_STARTED","PENDING","","SOURCE_CATALOGUE",""
"L01","L","Real estate y gestión inmobiliaria","Promoción inmobiliaria residencial y comercial","Adquisición, desarrollo y comercialización de proyectos inmobiliarios residenciales y comerciales.","B2B/B2C/B2G","ASSET/OPS","PROJ/MIX","ACTIVE","NOT_STARTED","PENDING","","SOURCE_CATALOGUE",""
"L02","L","Real estate y gestión inmobiliaria","Gestión de propiedades residenciales","Administración operativa, financiera y de arrendamientos de propiedades residenciales.","B2B/B2C","OPS/SERV","REC/TX","ACTIVE","NOT_STARTED","PENDING","","SOURCE_CATALOGUE",""
"L03","L","Real estate y gestión inmobiliaria","Gestión de propiedades comerciales y logísticas","Administración de activos, contratos y operaciones de inmuebles comerciales y logísticos.","B2B","OPS/SERV","REC/TX","ACTIVE","NOT_STARTED","PENDING","","SOURCE_CATALOGUE",""
"L04","L","Real estate y gestión inmobiliaria","Administración de comunidades y carteras","Gestión administrativa, financiera y operativa de comunidades y carteras inmobiliarias.","B2B/B2C","OPS/SERV","REC","ACTIVE","NOT_STARTED","PENDING","","SOURCE_CATALOGUE",""
"L05","L","Real estate y gestión inmobiliaria","Vivienda estudiantil, senior y alojamiento gestionado","Explotación de alojamiento con servicios para estudiantes, mayores y otros colectivos definidos.","B2C/B2B/B2G","ASSET/OPS","REC","ACTIVE","NOT_STARTED","PENDING","","SOURCE_CATALOGUE",""
"L06","L","Real estate y gestión inmobiliaria","Valoración, due diligence e inspección inmobiliaria","Análisis de valor, riesgos y condición técnica de activos inmobiliarios.","B2B/B2C/B2G","SERV","PROJ/TX","ACTIVE","NOT_STARTED","PENDING","","SOURCE_CATALOGUE",""
"L07","L","Real estate y gestión inmobiliaria","Coordinación de mantenimiento y reformas","Gestión de proveedores y trabajos de mantenimiento y reforma para propietarios y gestores inmobiliarios.","B2B/B2C","OPS/SERV/PLATFORM","REC/PROJ","ACTIVE","NOT_STARTED","PENDING","","SOURCE_CATALOGUE",""
"M01","M","Educación y formación","Colegios y universidades privadas","Prestación privada de educación reglada primaria, secundaria y superior.","B2C/B2B/B2G","OPS/ASSET","REC","ACTIVE","NOT_STARTED","PENDING","","SOURCE_CATALOGUE",""
"M02","M","Educación y formación","Formación profesional y oficios","Enseñanza práctica y técnica para el acceso y desarrollo en oficios y profesiones.","B2C/B2B/B2G","OPS/SERV","TX/REC","ACTIVE","NOT_STARTED","PENDING","","SOURCE_CATALOGUE",""
"M03","M","Educación y formación","Formación sanitaria, regulatoria y de compliance","Programas de capacitación sobre prácticas sanitarias, normativa y obligaciones de cumplimiento.","B2B/B2C/B2G","SERV/INFORMATION/SW","TX/REC","ACTIVE","NOT_STARTED","PENDING","","SOURCE_CATALOGUE",""
"M04","M","Educación y formación","Formación corporativa y desarrollo comercial","Diseño e impartición de programas de capacidades profesionales, liderazgo y ventas para organizaciones.","B2B/B2G","SERV/INFORMATION/SW","PROJ/REC","ACTIVE","NOT_STARTED","PENDING","","SOURCE_CATALOGUE",""
"M05","M","Educación y formación","Preparación de certificaciones y educación continua","Cursos y contenidos para obtener credenciales profesionales y mantener competencias actualizadas.","B2C/B2B/B2G","INFORMATION/OPS/SW","TX/REC","ACTIVE","NOT_STARTED","PENDING","","SOURCE_CATALOGUE",""
"M06","M","Educación y formación","Empleabilidad y colocación especializada","Programas de capacitación, orientación y conexión laboral para perfiles y sectores específicos.","B2C/B2B/B2G","SERV/PLATFORM","TX/PROJ","ACTIVE","NOT_STARTED","PENDING","","SOURCE_CATALOGUE",""
"N01","N","Finanzas y seguros","Banca universal y comercial","Captación de depósitos, concesión de crédito y prestación de servicios bancarios a particulares y empresas.","B2C/B2B/B2G","FIN/OPS","TX/REC","ACTIVE","NOT_STARTED","PENDING","","SOURCE_CATALOGUE",""
"N02","N","Finanzas y seguros","Corredurías de seguros comerciales especializadas","Intermediación y asesoramiento en seguros para empresas, sectores y riesgos específicos.","B2B/B2G","FIN/SERV","REC/TX","ACTIVE","NOT_STARTED","PENDING","","SOURCE_CATALOGUE",""
"N03","N","Finanzas y seguros","Employee benefits: corretaje y administración","Diseño, intermediación y administración de seguros y beneficios para plantillas.","B2B/B2G","FIN/OPS/SERV","REC/TX","ACTIVE","NOT_STARTED","PENDING","","SOURCE_CATALOGUE",""
"N04","N","Finanzas y seguros","Gestión de siniestros, peritaje y TPA","Tramitación externalizada de siniestros, peritación y administración de pólizas o prestaciones.","B2B/B2G","OPS/SERV","REC/TX","ACTIVE","NOT_STARTED","PENDING","","SOURCE_CATALOGUE",""
"N05","N","Finanzas y seguros","Factoring, leasing y financiación de equipos","Financiación de cuentas por cobrar, arrendamiento y adquisición de equipos productivos.","B2B/B2G","FIN/ASSET","REC/TX","ACTIVE","NOT_STARTED","PENDING","","SOURCE_CATALOGUE",""
"N06","N","Finanzas y seguros","Pagos verticales y servicios financieros integrados","Infraestructura y procesamiento de pagos y productos financieros integrados en software sectorial.","B2B/B2C","FIN/SW/PLATFORM","TX/REC","ACTIVE","NOT_STARTED","PENDING","","SOURCE_CATALOGUE",""
"N07","N","Finanzas y seguros","Wealth management boutique y family office","Asesoramiento y administración patrimonial para familias, empresarios y clientes de alto patrimonio.","B2C/B2B","FIN/SERV","REC/TX","ACTIVE","NOT_STARTED","PENDING","","SOURCE_CATALOGUE",""
"N08","N","Finanzas y seguros","Administración de fondos y compliance financiero","Administración operativa, contable y regulatoria de fondos y vehículos de inversión.","B2B/B2G","OPS/SERV/FIN","REC","ACTIVE","NOT_STARTED","PENDING","","SOURCE_CATALOGUE",""
"O01","O","Retail, consumo, hospitality y servicios personales","Supermercados y retail alimentario","Venta minorista de alimentos, bebidas y productos cotidianos mediante tiendas físicas o canales digitales.","B2C","DIST/OPS","TX","ACTIVE","NOT_STARTED","PENDING","","SOURCE_CATALOGUE",""
"O02","O","Retail, consumo, hospitality y servicios personales","Retail especializado y cadenas regionales","Venta minorista de categorías específicas mediante redes de tiendas regionales y canales digitales.","B2C/B2B","DIST/OPS","TX","ACTIVE","NOT_STARTED","PENDING","","SOURCE_CATALOGUE",""
"O03","O","Retail, consumo, hospitality y servicios personales","Marcas DTC y comercio electrónico especializado","Diseño, comercialización y venta directa de productos especializados a través de canales digitales.","B2C","MAN/DIST/INTELLECTUAL_ASSET","TX","ACTIVE","NOT_STARTED","PENDING","","SOURCE_CATALOGUE",""
"O04","O","Retail, consumo, hospitality y servicios personales","Marketplaces de productos y servicios","Intermediación digital entre oferentes y compradores de productos o servicios.","B2C/B2B","PLATFORM/SW","TX/REC","ACTIVE","NOT_STARTED","PENDING","","SOURCE_CATALOGUE",""
"O05","O","Retail, consumo, hospitality y servicios personales","Restauración y cadenas regionales","Preparación y venta de comidas y bebidas mediante restaurantes y cadenas de ámbito regional.","B2C/B2B","OPS","TX","ACTIVE","NOT_STARTED","PENDING","","SOURCE_CATALOGUE",""
"O06","O","Retail, consumo, hospitality y servicios personales","Catering institucional y corporativo","Preparación y suministro contractual de alimentación para empresas, centros y colectividades.","B2B/B2G","OPS","REC/TX","ACTIVE","NOT_STARTED","PENDING","","SOURCE_CATALOGUE",""
"O07","O","Retail, consumo, hospitality y servicios personales","Hoteles independientes y grupos regionales","Explotación de alojamientos turísticos independientes o agrupados regionalmente.","B2C/B2B","ASSET/OPS","TX/REC","ACTIVE","NOT_STARTED","PENDING","","SOURCE_CATALOGUE",""
"O08","O","Retail, consumo, hospitality y servicios personales","Fitness, wellness y clínicas estéticas","Prestación de ejercicio, bienestar y tratamientos estéticos mediante centros especializados.","B2C/B2B","OPS","REC/TX","ACTIVE","NOT_STARTED","PENDING","","SOURCE_CATALOGUE",""
"O09","O","Retail, consumo, hospitality y servicios personales","Servicios funerarios y death care","Prestación de servicios funerarios, cremación, cementerio y apoyo relacionado con el fallecimiento.","B2C/B2G","OPS/ASSET","TX/REC","ACTIVE","NOT_STARTED","PENDING","","SOURCE_CATALOGUE",""
"O10","O","Retail, consumo, hospitality y servicios personales","Servicios para mascotas","Prestación de cuidado, alojamiento, higiene y otros servicios recurrentes para animales de compañía.","B2C/B2B","OPS","TX/REC","ACTIVE","NOT_STARTED","PENDING","","SOURCE_CATALOGUE",""
"O11","O","Retail, consumo, hospitality y servicios personales","Servicios recurrentes del hogar","Prestación programada de mantenimiento, limpieza y otros servicios operativos para viviendas.","B2C","OPS/SERV","REC/PROJ","ACTIVE","NOT_STARTED","PENDING","","SOURCE_CATALOGUE",""
"P01","P","Software, datos e infraestructura digital","Software horizontal de gestión empresarial","Software de gestión aplicable a múltiples sectores para finanzas, operaciones, personas y clientes.","B2B/B2G","SW","REC","ACTIVE","NOT_STARTED","PENDING","","SOURCE_CATALOGUE",""
"P02","P","Software, datos e infraestructura digital","Software vertical para field services y trades","Software especializado para planificar, ejecutar y facturar servicios de campo y oficios técnicos.","B2B","SW","REC","ACTIVE","NOT_STARTED","PENDING","","SOURCE_CATALOGUE",""
"P03","P","Software, datos e infraestructura digital","Software vertical para logística y distribución","Software especializado para transporte, almacenes, inventarios y distribución comercial.","B2B/B2G","SW","REC","ACTIVE","NOT_STARTED","PENDING","","SOURCE_CATALOGUE",""
"P04","P","Software, datos e infraestructura digital","Software vertical para salud y cuidados","Software especializado para operaciones clínicas, administrativas y de cuidados.","B2B/B2G","SW","REC","ACTIVE","NOT_STARTED","PENDING","","SOURCE_CATALOGUE",""
"P05","P","Software, datos e infraestructura digital","Software vertical para finanzas y seguros","Software especializado para procesos bancarios, aseguradores, de inversión y cumplimiento financiero.","B2B/B2G","SW","REC","ACTIVE","NOT_STARTED","PENDING","","SOURCE_CATALOGUE",""
"P06","P","Software, datos e infraestructura digital","Software vertical para manufactura e inspección","Software especializado para producción, mantenimiento, calidad e inspección industrial.","B2B/B2G","SW","REC","ACTIVE","NOT_STARTED","PENDING","","SOURCE_CATALOGUE",""
"P07","P","Software, datos e infraestructura digital","Managed IT y ciberseguridad para pymes","Operación externalizada de sistemas, soporte y controles de ciberseguridad para pequeñas empresas.","B2B/B2G","OPS/SERV/SW","REC/PROJ","ACTIVE","NOT_STARTED","PENDING","","SOURCE_CATALOGUE",""
"P08","P","Software, datos e infraestructura digital","Integración de ERP, datos y automatización vertical","Implantación e integración de sistemas empresariales, datos y automatizaciones adaptadas a sectores concretos.","B2B/B2G","SERV/SW","PROJ/REC","ACTIVE","NOT_STARTED","PENDING","","SOURCE_CATALOGUE",""
"P09","P","Software, datos e infraestructura digital","DevTools, cloud e infraestructura de software","Herramientas y servicios digitales para desarrollar, desplegar y operar aplicaciones e infraestructura cloud.","B2B/B2G","SW","REC/TX","ACTIVE","NOT_STARTED","PENDING","","SOURCE_CATALOGUE",""
"P10","P","Software, datos e infraestructura digital","Bases de datos e inteligencia sectorial","Recopilación, estructuración y comercialización de datos e información especializada por sector.","B2B/B2G","INFORMATION/SW","REC/TX","ACTIVE","NOT_STARTED","PENDING","","SOURCE_CATALOGUE",""
"P11","P","Software, datos e infraestructura digital","Telecomunicaciones empresariales y redes gestionadas","Suministro y gestión contractual de conectividad, comunicaciones y redes para organizaciones.","B2B/B2G","OPS/SW","REC","ACTIVE","NOT_STARTED","PENDING","","SOURCE_CATALOGUE",""
"P12","P","Software, datos e infraestructura digital","Operadores de telecomunicaciones y fibra","Explotación de redes de telecomunicaciones y fibra para prestar conectividad a hogares y empresas.","B2C/B2B/B2G","ASSET/OPS","REC","ACTIVE","NOT_STARTED","PENDING","","SOURCE_CATALOGUE",""
"P13","P","Software, datos e infraestructura digital","Centros de datos y hosting de infraestructura","Explotación de instalaciones y plataformas para alojar equipos, datos y cargas informáticas.","B2B/B2G","ASSET/OPS/SW","REC","ACTIVE","NOT_STARTED","PENDING","","SOURCE_CATALOGUE",""
"P14","P","Software, datos e infraestructura digital","Medios profesionales y publicaciones verticales","Producción y distribución de noticias, análisis y contenidos para audiencias profesionales específicas.","B2B/B2G","INFORMATION/INTELLECTUAL_ASSET","REC/TX","ACTIVE","NOT_STARTED","PENDING","","SOURCE_CATALOGUE",""
"P15","P","Software, datos e infraestructura digital","Medios de consumo, entretenimiento y gaming","Creación y distribución de contenidos, entretenimiento interactivo y videojuegos para consumidores.","B2C/B2B","INFORMATION/INTELLECTUAL_ASSET/SW","TX/REC","ACTIVE","NOT_STARTED","PENDING","","SOURCE_CATALOGUE",""
"Q01","Q","Servicios públicos externalizados e infraestructuras","Mantenimiento de infraestructuras públicas","Conservación contractual de carreteras, redes, espacios y otros activos de titularidad pública.","B2G/B2B","OPS","REC/PROJ","ACTIVE","NOT_STARTED","PENDING","","SOURCE_CATALOGUE",""
"Q02","Q","Servicios públicos externalizados e infraestructuras","Servicios municipales externalizados","Prestación por contrato de limpieza, movilidad, atención y otras operaciones municipales.","B2G","OPS","REC/PROJ","ACTIVE","NOT_STARTED","PENDING","","SOURCE_CATALOGUE",""
"Q03","Q","Servicios públicos externalizados e infraestructuras","Digitalización y BPO para administraciones","Digitalización documental y ejecución externalizada de procesos administrativos para organismos públicos.","B2G","OPS/SERV/SW","REC/PROJ","ACTIVE","NOT_STARTED","PENDING","","SOURCE_CATALOGUE",""
"Q04","Q","Servicios públicos externalizados e infraestructuras","Proveedores especializados de defensa","Suministro de equipos, tecnología y servicios especializados para organizaciones de defensa.","B2G/B2B","MAN/SERV/SW","PROJ/REC","ACTIVE","NOT_STARTED","PENDING","","SOURCE_CATALOGUE",""
"Q05","Q","Servicios públicos externalizados e infraestructuras","Gestión privada de servicios sanitarios o educativos públicos","Operación contractual por entidades privadas de servicios sanitarios o educativos financiados públicamente.","B2G/B2C","OPS/ASSET","REC","ACTIVE","NOT_STARTED","PENDING","","SOURCE_CATALOGUE",""
"R01","R","Tecnologías y modelos emergentes","Robotics-as-a-Service e integración de cobots","Suministro, integración y operación contractual de robots colaborativos para procesos productivos.","B2B/B2G","OPS/SERV/SW/ASSET","REC/PROJ","ACTIVE","NOT_STARTED","PENDING","","SOURCE_CATALOGUE",""
"R02","R","Tecnologías y modelos emergentes","Drones para inspección y activos físicos","Operación de drones y análisis de datos para inspeccionar infraestructuras y activos físicos.","B2B/B2G","OPS/SERV/SW","REC/PROJ","ACTIVE","NOT_STARTED","PENDING","","SOURCE_CATALOGUE",""
"R03","R","Tecnologías y modelos emergentes","Drones y visión para agricultura","Captura y análisis aéreo de datos para seguimiento y gestión de explotaciones agrícolas.","B2B/B2G","OPS/SERV/SW","REC/PROJ","ACTIVE","NOT_STARTED","PENDING","","SOURCE_CATALOGUE",""
"R04","R","Tecnologías y modelos emergentes","Agentes de IA para workflows regulados","Software y servicios de automatización mediante agentes de inteligencia artificial para procesos sujetos a regulación.","B2B/B2G","SW/SERV","REC/PROJ","ACTIVE","NOT_STARTED","PENDING","","SOURCE_CATALOGUE",""
"R05","R","Tecnologías y modelos emergentes","Digital twins y monitorización de activos","Modelos digitales y sistemas de datos para representar y monitorizar el funcionamiento de activos físicos.","B2B/B2G","SW/SERV","REC/PROJ","ACTIVE","NOT_STARTED","PENDING","","SOURCE_CATALOGUE",""
"R06","R","Tecnologías y modelos emergentes","Reciclaje y segunda vida de baterías","Recuperación, reacondicionamiento y reutilización de materiales y sistemas de baterías.","B2B/B2G","OPS/MAN/ASSET","TX/REC","ACTIVE","NOT_STARTED","PENDING","","SOURCE_CATALOGUE",""
"R07","R","Tecnologías y modelos emergentes","Climate-risk, carbono y transición energética","Datos, software y servicios para medir riesgos climáticos, emisiones y planes de transición energética.","B2B/B2G","SW/SERV/INFORMATION","REC/PROJ","ACTIVE","NOT_STARTED","PENDING","","SOURCE_CATALOGUE",""
"R08","R","Tecnologías y modelos emergentes","Hidrógeno y combustibles industriales emergentes","Desarrollo, producción y suministro de hidrógeno y combustibles alternativos para usos industriales.","B2B/B2G","MAN/ASSET/OPS","PROJ/REC","ACTIVE","NOT_STARTED","PENDING","","SOURCE_CATALOGUE",""
"R09","R","Tecnologías y modelos emergentes","Synthetic biology y fabricación biotecnológica","Diseño biológico y producción mediante microorganismos, células o procesos biotecnológicos avanzados.","B2B/B2G","MAN/INTELLECTUAL_ASSET/SERV","PROJ/REC","ACTIVE","NOT_STARTED","PENDING","","SOURCE_CATALOGUE",""
"R10","R","Tecnologías y modelos emergentes","Servicios comerciales de espacio y observación terrestre","Operación de activos y datos espaciales para comunicaciones, observación y servicios comerciales.","B2B/B2G","ASSET/OPS/SW/INFORMATION","REC/PROJ","ACTIVE","NOT_STARTED","PENDING","","SOURCE_CATALOGUE",""
